<Extensions>
  <Version>1.8</Version>
  <Panel>
    <Order>1</Order>
    <PanelId>roomCleaningEvent</PanelId>
    <Origin>local</Origin>
    <Type>Statusbar</Type>
    <Icon>Concierge</Icon>
    <Color>#07C1E4</Color>
    <Name>Cleaned Room</Name>
    <ActivityType>Custom</ActivityType>
  </Panel>
  <Panel>
    <Order>2</Order>
    <PanelId>ultrasoundMute</PanelId>
    <Origin>local</Origin>
    <Type>Statusbar</Type>
    <Icon>Proximity</Icon>
    <Color>#07C1E4</Color>
    <Name>UltraAssist</Name>
    <ActivityType>Custom</ActivityType>
    <Page>
      <Name>Ultrasound Mute</Name>
      <Row>
        <Name>Row</Name>
        <Widget>
          <WidgetId>muteUltrasoundStatus</WidgetId>
          <Name/>
          <Type>Text</Type>
          <Options>size=4;fontSize=normal;align=center</Options>
        </Widget>
      </Row>
      <Row>
        <Name>Row</Name>
        <Widget>
          <WidgetId>muteOthers</WidgetId>
          <Name>Mute others</Name>
          <Type>Button</Type>
          <Options>size=2</Options>
        </Widget>
      </Row>
      <Row>
        <Name>Row</Name>
        <Widget>
          <WidgetId>proximityVolume</WidgetId>
          <Type>Slider</Type>
          <Options>size=3</Options>
        </Widget>
        <Widget>
          <WidgetId>proximitySwitch</WidgetId>
          <Type>ToggleButton</Type>
          <Options>size=1</Options>
        </Widget>
      </Row>
      <Options>hideRowNames=1</Options>
    </Page>
  </Panel>
  <Panel>
    <Order>3</Order>
    <PanelId>halfWakeDS</PanelId>
    <Origin>local</Origin>
    <Type>Home</Type>
    <Icon>Lightbulb</Icon>
    <Name>Half Wake</Name>
    <ActivityType>Custom</ActivityType>
    <Page>
      <Name>Force System to Half Wake</Name>
      <Row>
        <Name>Row</Name>
        <Widget>
          <WidgetId>half_wake</WidgetId>
          <Type>Button</Type>
          <Options>size=1;icon=power</Options>
        </Widget>
      </Row>
      <PageId>half_wake</PageId>
      <Options>hideRowNames=1</Options>
    </Page>
  </Panel>
</Extensions>
